City_ID,City,Country,Date,Lat,Lng,Max Temp,Humidity,Cloudiness,Wind Speed
0,Touros,BR,2021-04-05 04:56:16,-5.1989,-35.4608,77.0,88,0,6.91
1,Pangody,RU,2021-04-05 04:56:16,65.85,74.4859,32.83,100,100,9.55
2,Vaini,TO,2021-04-05 04:56:17,-21.2,-175.2,78.8,78,40,6.91
3,Allende,MX,2021-04-05 04:56:17,25.2833,-100.0167,69.8,64,75,11.5
4,Bredasdorp,ZA,2021-04-05 04:56:18,-34.5322,20.0403,62.6,100,100,8.05
5,Rincon,US,2021-04-05 04:56:18,32.296,-81.2354,53.6,58,1,4.99
6,Tuktoyaktuk,CA,2021-04-05 04:56:19,69.4541,-133.0374,12.2,92,75,9.22
7,Ogaminana,NG,2021-04-05 04:54:21,7.5946,6.2248,75.76,90,5,6.85
8,Kirensk,RU,2021-04-05 04:56:19,57.7853,108.1119,22.35,61,15,3.36
9,Namibe,AO,2021-04-05 04:56:20,-15.1961,12.1522,79.25,79,45,6.6
10,Port Alfred,ZA,2021-04-05 04:56:20,-33.5906,26.891,67.24,87,100,10.0
11,Kroya,ID,2021-04-05 04:56:20,-7.6331,109.2461,86.07,65,100,4.99
12,Cowra,AU,2021-04-05 04:56:21,-33.8333,148.6833,78.01,30,0,1.01
13,Canatlan,MX,2021-04-05 04:56:21,24.5167,-104.7833,66.0,34,15,5.99
14,Ushuaia,AR,2021-04-05 04:51:34,-54.8,-68.3,37.4,87,40,19.57
15,Lagunas,PE,2021-04-05 04:56:22,-5.2269,-75.6753,70.14,99,100,2.35
16,Hermanus,ZA,2021-04-05 04:56:22,-34.4187,19.2345,63.0,91,99,4.0
17,Rikitea,PF,2021-04-05 04:56:23,-23.1203,-134.9692,78.21,63,31,18.54
18,Avarua,CK,2021-04-05 04:56:23,-21.2078,-159.775,80.6,89,75,5.75
19,Ruzhyn,UA,2021-04-05 04:56:23,49.7228,29.2046,33.8,93,0,4.47
20,Pedernales,DO,2021-04-05 04:56:24,18.0384,-71.744,76.69,78,93,4.36
21,Port Hardy,CA,2021-04-05 04:52:34,50.6996,-127.4199,42.8,75,20,8.05
22,Khatanga,RU,2021-04-05 04:56:25,71.9667,102.5,4.51,74,9,18.37
23,East London,ZA,2021-04-05 04:56:30,-33.0153,27.9116,62.6,82,0,6.91
24,Yellowknife,CA,2021-04-05 04:52:50,62.456,-114.3525,12.2,62,75,6.91
25,Ambagarh Chauki,IN,2021-04-05 04:56:31,20.7833,80.7167,99.39,5,0,9.57
26,Thompson,CA,2021-04-05 04:56:31,55.7435,-97.8558,37.4,38,90,4.61
27,Lompoc,US,2021-04-05 04:56:31,34.6391,-120.4579,51.8,82,100,4.61
28,Guanica,PR,2021-04-05 04:56:32,17.9716,-66.908,77.0,82,36,3.56
29,Longyearbyen,SJ,2021-04-05 04:51:46,78.2186,15.6401,21.2,63,40,29.93
30,Nadym,RU,2021-04-05 04:56:32,65.5333,72.5167,32.9,99,100,8.88
31,Mataura,NZ,2021-04-05 04:56:33,-46.1927,168.8643,55.99,62,100,23.0
32,Kesztolc,HU,2021-04-05 04:56:33,47.7127,18.8018,33.01,93,0,3.44
33,Sitka,US,2021-04-05 04:56:33,57.0531,-135.33,39.2,93,90,10.36
34,Busselton,AU,2021-04-05 04:56:34,-33.65,115.3333,84.0,50,2,1.99
35,Jalu,LY,2021-04-05 04:56:34,29.0331,21.5482,64.8,13,49,12.57
36,Chuncheng,CN,2021-04-05 04:56:34,22.1731,111.7886,82.99,66,91,5.01
37,Sri Aman,MY,2021-04-05 04:56:35,1.2376,111.4621,87.8,74,40,3.44
38,Airai,TL,2021-04-05 04:56:35,-8.9266,125.4092,67.08,78,100,3.89
39,Mayor Pablo Lagerenza,PY,2021-04-05 04:56:36,-19.9309,-60.7718,72.73,83,87,3.24
40,Talnakh,RU,2021-04-05 04:56:36,69.4865,88.3972,13.21,93,100,12.77
41,Castro,BR,2021-04-05 04:56:36,-24.7911,-50.0119,54.64,98,67,6.33
42,Kapaa,US,2021-04-05 04:56:37,22.0752,-159.319,75.2,60,90,18.41
43,Qaanaaq,GL,2021-04-05 04:56:37,77.484,-69.3632,-9.72,53,15,10.16
44,Mar Del Plata,AR,2021-04-05 04:56:38,-38.0023,-57.5575,66.99,100,90,7.09
45,Vila Velha,BR,2021-04-05 04:56:09,-20.3297,-40.2925,73.4,94,75,9.22
46,Norman Wells,CA,2021-04-05 04:56:38,65.282,-126.8329,30.2,47,75,4.61
47,Salina Cruz,MX,2021-04-05 04:56:39,16.1667,-95.2,76.95,56,6,22.53
48,Mattru,SL,2021-04-05 04:56:39,7.6244,-11.8332,76.62,92,44,1.59
49,Sao Joao Da Barra,BR,2021-04-05 04:53:25,-21.6403,-41.0511,70.83,87,73,7.43
50,Kununurra,AU,2021-04-05 04:53:17,-15.7667,128.7333,96.8,30,4,6.91
51,Muisne,EC,2021-04-05 04:56:40,0.6,-80.0333,75.99,94,100,12.48
52,Sisophon,KH,2021-04-05 04:56:40,13.5859,102.9737,92.62,47,69,7.99
53,Tasiilaq,GL,2021-04-05 04:56:41,65.6145,-37.6368,19.4,86,90,3.44
54,Bethel,US,2021-04-05 04:56:41,41.3712,-73.414,51.8,37,1,6.91
55,Puerto Ayora,EC,2021-04-05 04:56:41,-0.7393,-90.3518,75.99,93,44,2.24
56,Barrow,US,2021-04-05 04:56:42,71.2906,-156.7887,-2.2,65,1,10.36
57,Klaksvik,FO,2021-04-05 04:56:42,62.2266,-6.589,28.4,74,75,41.43
58,Hami,CN,2021-04-05 04:56:43,42.8,93.45,61.07,21,25,13.85
59,Ribeira Grande,PT,2021-04-05 04:56:43,38.5167,-28.7,60.8,82,85,16.15
60,Dubbo,AU,2021-04-05 04:55:36,-32.25,148.6167,84.2,32,0,11.5
61,Beringovskiy,RU,2021-04-05 04:56:44,63.05,179.3167,9.61,85,100,9.71
62,Albany,US,2021-04-05 04:56:44,42.6001,-73.9662,45.0,49,40,12.66
63,La Rioja,ES,2021-04-05 04:56:45,42.25,-2.5,42.01,93,0,8.05
64,Ulaanbaatar,MN,2021-04-05 04:52:31,47.9077,106.8832,48.2,21,20,4.47
65,Goderich,CA,2021-04-05 04:56:46,43.7501,-81.7165,37.4,75,87,8.05
66,Kodiak,US,2021-04-05 04:56:46,57.79,-152.4072,39.2,41,1,21.85
67,Phan Thiet,VN,2021-04-05 04:56:47,10.9333,108.1,91.24,48,47,20.42
68,Dunedin,NZ,2021-04-05 04:56:47,-45.8742,170.5036,59.0,59,79,23.0
69,Plettenberg Bay,ZA,2021-04-05 04:56:47,-34.0527,23.3716,63.55,96,100,11.18
70,Seymchan,RU,2021-04-05 04:56:48,62.8833,152.4333,13.24,64,100,6.67
71,Cape Town,ZA,2021-04-05 04:56:44,-33.9258,18.4232,63.0,88,0,9.22
72,Foumban,CM,2021-04-05 04:56:48,5.7291,10.9001,65.35,44,54,1.86
73,Krasnorechenskiy,RU,2021-04-05 04:56:49,44.6265,135.3532,48.25,36,0,4.99
74,New Norfolk,AU,2021-04-05 04:56:49,-42.7826,147.0587,70.0,45,53,3.0
75,Kavieng,PG,2021-04-05 04:56:49,-2.5744,150.7967,82.35,74,86,5.01
76,Hilo,US,2021-04-05 04:55:25,19.7297,-155.09,71.6,83,90,3.44
77,Peleduy,RU,2021-04-05 04:56:50,59.6289,112.7406,15.8,69,95,5.7
78,Butte,US,2021-04-05 04:56:50,39.6499,-121.5677,60.8,55,1,5.75
79,Punta Arenas,CL,2021-04-05 04:56:51,-53.15,-70.9167,37.4,75,0,6.91
80,Haines Junction,CA,2021-04-05 04:56:51,60.7522,-137.5108,39.2,48,100,6.91
81,Alofi,NU,2021-04-05 04:56:51,-19.0595,-169.9187,77.0,88,100,9.22
82,Shunyi,CN,2021-04-05 04:56:52,40.125,116.6453,68.0,26,0,13.42
83,Caravelas,BR,2021-04-05 04:56:52,-17.7125,-39.2481,75.33,80,29,5.84
84,Victoria,HK,2021-04-05 04:56:17,22.2855,114.1577,75.0,80,100,1.99
85,Ankpa,NG,2021-04-05 04:56:53,7.3706,7.6253,75.0,82,42,7.52
86,Georgetown,MY,2021-04-05 04:56:53,5.4112,100.3354,89.01,70,40,5.75
87,Constitucion,CL,2021-04-05 04:56:54,-35.3333,-72.4167,56.55,88,98,7.36
88,Hithadhoo,MV,2021-04-05 04:56:54,-0.6,73.0833,83.44,74,57,15.37
89,Shingu,JP,2021-04-05 04:56:54,33.7333,135.9833,62.6,48,20,24.16
90,Necochea,AR,2021-04-05 04:56:55,-38.5473,-58.7368,60.01,92,0,4.0
91,Kabinda,CD,2021-04-05 04:56:55,-6.1333,24.4833,67.66,94,100,3.4
92,Butaritari,KI,2021-04-05 04:56:55,3.0707,172.7902,82.33,79,81,12.82
93,Siuna,NI,2021-04-05 04:56:56,13.7332,-84.7773,68.67,98,45,3.78
94,Chokurdakh,RU,2021-04-05 04:56:56,70.6333,147.9167,-6.84,85,7,4.76
95,Rayevskiy,RU,2021-04-05 04:56:57,54.0658,54.9468,33.22,93,100,8.32
96,Muravlenko,RU,2021-04-05 04:52:46,63.7898,74.523,32.58,100,100,12.01
97,Poum,NC,2021-04-05 04:56:57,-20.2333,164.0167,79.92,68,73,23.51
98,Luis Moya,MX,2021-04-05 04:56:58,22.4324,-102.2486,60.66,42,100,6.31
99,Bukama,CD,2021-04-05 04:56:58,-9.2,25.85,69.17,93,99,1.01
100,Geraldton,AU,2021-04-05 04:56:58,-28.7667,114.6,80.6,61,40,16.11
101,Rabak,SD,2021-04-05 04:56:59,13.1809,32.74,80.42,9,11,11.36
102,Iqaluit,CA,2021-04-05 04:56:59,63.7506,-68.5145,12.2,79,90,14.97
103,Komsomolskiy,UZ,2021-04-05 04:57:00,40.4272,71.7189,51.8,71,40,1.39
104,Jamestown,US,2021-04-05 04:55:10,42.097,-79.2353,39.2,60,1,4.61
105,Vanimo,PG,2021-04-05 04:57:01,-2.6741,141.3028,84.22,77,80,5.73
106,Port Lincoln,AU,2021-04-05 04:57:01,-34.7333,135.8667,69.75,60,0,10.13
107,Kelvington,CA,2021-04-05 04:55:14,52.1667,-103.5343,44.6,53,100,4.61
108,Yulara,AU,2021-04-05 04:57:02,-25.2406,130.9889,86.0,19,2,11.5
109,Evensk,RU,2021-04-05 04:57:02,61.95,159.2333,18.48,59,100,19.22
110,Belle Fourche,US,2021-04-05 04:57:02,44.6714,-103.8522,54.0,34,1,12.66
111,Sulangan,PH,2021-04-05 04:57:03,11.1373,123.7228,82.44,65,66,13.33
112,Sinjar,IQ,2021-04-05 04:57:03,36.3209,41.8754,58.84,48,1,3.67
113,Jinchang,CN,2021-04-05 04:57:03,38.4953,102.1739,61.39,20,0,13.38
114,Port Elizabeth,ZA,2021-04-05 04:57:01,-33.918,25.5701,64.4,94,90,5.75
115,Nizhneudinsk,RU,2021-04-05 04:57:04,54.9076,99.0276,42.03,75,83,4.0
116,Lypnyazhka,UA,2021-04-05 04:57:04,48.4469,31.0761,38.32,76,8,5.77
117,Maues,BR,2021-04-05 04:57:05,-3.3836,-57.7186,74.21,95,99,2.1
118,Torbay,CA,2021-04-05 04:57:05,47.6666,-52.7314,39.0,100,90,11.5
119,Kalmunai,LK,2021-04-05 04:56:09,7.4167,81.8167,85.87,63,35,4.18
120,Bataipora,BR,2021-04-05 04:57:06,-22.2953,-53.2711,69.31,60,94,6.6
121,Mabai,CN,2021-04-05 04:57:06,23.0128,104.4508,58.24,97,100,0.67
122,Abnub,EG,2021-04-05 04:57:07,27.2696,31.1511,51.8,58,0,5.75
123,Bluff,NZ,2021-04-05 04:57:07,-46.6,168.3333,55.99,62,100,23.0
124,Cidreira,BR,2021-04-05 04:52:14,-30.1811,-50.2056,71.69,79,2,17.13
125,Tanga,TZ,2021-04-05 04:57:08,-5.0667,39.1,79.52,78,97,10.6
126,Ryotsu,JP,2021-04-05 04:57:08,38.0833,138.4333,51.8,62,20,16.11
127,Sabang,ID,2021-04-05 04:57:08,5.8933,95.3214,83.1,71,99,12.21
128,Acapulco,MX,2021-04-05 04:53:35,16.8634,-99.8901,77.85,68,46,3.22
129,Saint-Pierre,RE,2021-04-05 04:57:09,-21.3393,55.4781,84.2,70,20,5.75
130,Gogrial,SS,2021-04-05 04:57:10,8.5332,28.1004,80.44,18,97,4.63
131,Saint-Philippe,RE,2021-04-05 04:57:10,-21.3585,55.7679,86.0,70,20,5.75
132,Hualmay,PE,2021-04-05 04:57:11,-11.0964,-77.6139,70.48,82,21,7.56
133,Nanakuli,US,2021-04-05 04:57:11,21.3906,-158.1547,75.2,64,20,9.22
134,Atuona,PF,2021-04-05 04:57:12,-9.8,-139.0333,80.13,80,77,11.52
135,Vardo,NO,2021-04-05 04:57:12,70.3705,31.1107,35.62,86,96,13.98
136,Isangel,VU,2021-04-05 04:57:12,-19.55,169.2667,82.4,65,75,14.97
137,Banda Aceh,ID,2021-04-05 04:57:13,5.5577,95.3222,85.12,65,100,9.8
138,Saurimo,AO,2021-04-05 04:57:13,-9.6608,20.3916,63.7,96,100,2.68
139,Nanortalik,GL,2021-04-05 04:57:13,60.1432,-45.2371,33.89,88,78,4.76
140,Valparaiso,CL,2021-04-05 04:52:14,-33.0393,-71.6273,59.0,81,70,3.44
141,Pisco,PE,2021-04-05 04:57:14,-13.7,-76.2167,71.6,73,63,5.75
142,Carnarvon,AU,2021-04-05 04:57:14,-24.8667,113.6333,86.0,66,67,17.27
143,Sassandra,CI,2021-04-05 04:57:15,4.95,-6.0833,77.85,92,28,6.2
144,Bambous Virieux,MU,2021-04-05 04:57:15,-20.3428,57.7575,84.99,74,40,14.97
145,Hobart,AU,2021-04-05 04:56:30,-42.8794,147.3294,70.0,40,20,8.05
146,West Bay,KY,2021-04-05 04:57:16,19.3667,-81.4167,78.01,62,37,5.01
147,Lebu,CL,2021-04-05 04:57:16,-37.6167,-73.65,56.16,79,96,16.31
148,Cabo San Lucas,MX,2021-04-05 04:57:17,22.8909,-109.9124,71.01,79,1,12.84
149,Prince Rupert,CA,2021-04-05 04:57:17,54.3161,-130.3201,42.8,87,90,3.44
150,Hambantota,LK,2021-04-05 04:57:18,6.1241,81.1185,84.2,79,0,9.22
151,Ust-Nera,RU,2021-04-05 04:57:18,64.5667,143.2,13.66,74,100,7.29
152,Huadian,CN,2021-04-05 04:57:19,42.9633,126.7478,61.9,19,0,15.46
153,Basco,PH,2021-04-05 04:57:19,20.4487,121.9702,74.48,78,88,24.34
154,Kaitangata,NZ,2021-04-05 04:57:19,-46.2817,169.8464,57.0,53,95,18.01
155,Arraial Do Cabo,BR,2021-04-05 04:57:20,-22.9661,-42.0278,75.07,70,26,6.24
156,Port Hedland,AU,2021-04-05 04:57:20,-20.3167,118.5667,100.4,18,40,16.11
157,Port Keats,AU,2021-04-05 04:52:53,-14.25,129.55,91.62,38,31,8.59
158,Monroe,US,2021-04-05 04:57:21,43.1501,-77.6831,44.6,57,1,8.05
159,Deniliquin,AU,2021-04-05 04:57:21,-35.5333,144.9667,81.0,33,0,7.76
160,Nelson Bay,AU,2021-04-05 04:57:21,-32.7167,152.15,78.01,78,10,8.05
161,Faya,SA,2021-04-05 04:57:22,18.3851,42.4509,62.6,55,7,4.61
162,Coihaique,CL,2021-04-05 04:57:22,-45.5752,-72.0662,49.26,92,100,2.71
163,Mahibadhoo,MV,2021-04-05 04:57:23,3.7833,72.9667,84.11,70,38,9.95
164,Kattivakkam,IN,2021-04-05 04:57:23,13.2167,80.3167,87.8,70,40,3.44
165,Hlobyne,UA,2021-04-05 04:57:23,49.3878,33.2596,40.08,76,9,4.03
166,Taree,AU,2021-04-05 04:57:24,-31.9,152.4667,78.8,61,40,12.66
167,Belmonte,BR,2021-04-05 04:57:24,-15.8631,-38.8828,75.2,88,90,3.44
168,Mindelo,CV,2021-04-05 04:57:25,16.8901,-24.9804,69.8,83,20,23.02
169,Nikolskoye,RU,2021-04-05 04:57:25,59.7035,30.7861,37.99,70,75,8.95
170,Shaowu,CN,2021-04-05 04:57:25,27.3409,117.4831,66.54,76,98,2.21
171,Tiksi,RU,2021-04-05 04:57:26,71.6872,128.8694,-3.75,91,69,2.73
172,Kant,IN,2021-04-05 04:57:26,27.8,79.8,98.02,6,8,6.2
173,Mahebourg,MU,2021-04-05 04:55:08,-20.4081,57.7,82.4,74,40,14.97
174,Vestmanna,FO,2021-04-05 04:57:27,62.1564,-7.1664,28.4,74,75,41.43
175,Jiaocheng,CN,2021-04-05 04:57:27,24.6774,116.1389,83.68,46,89,1.88
176,Lima,PE,2021-04-05 04:54:01,-12.0432,-77.0282,71.6,78,0,6.91
177,Ancud,CL,2021-04-05 04:57:28,-41.8697,-73.8203,55.99,91,100,11.01
178,Zhigansk,RU,2021-04-05 04:57:28,66.7697,123.3711,-1.39,82,100,6.64
179,Rapar,IN,2021-04-05 04:57:28,23.5667,70.6333,91.24,27,0,11.86
180,Gloversville,US,2021-04-05 04:57:29,43.0528,-74.3438,39.2,60,1,8.05
181,Acajutla,SV,2021-04-05 04:53:09,13.5928,-89.8275,79.16,52,13,9.17
182,Ponta Do Sol,PT,2021-04-05 04:57:29,32.6667,-17.1,57.0,64,97,1.99
183,Porto Velho,BR,2021-04-05 04:57:30,-8.7619,-63.9039,75.2,94,40,1.45
184,Eyl,SO,2021-04-05 04:57:30,7.9803,49.8164,82.54,65,88,6.06
185,Laurel,US,2021-04-05 04:54:40,39.0993,-76.8483,55.0,46,1,8.12
186,Vila Franca Do Campo,PT,2021-04-05 04:57:31,37.7167,-25.4333,59.0,94,75,5.75
187,Neryungri,RU,2021-04-05 04:57:31,56.6709,124.6491,23.86,89,100,5.3
188,Kautokeino,NO,2021-04-05 04:57:32,69.0125,23.0412,24.31,96,100,7.16
189,Hasaki,JP,2021-04-05 04:57:32,35.7333,140.8333,52.0,93,75,20.71
190,Pangkalanbuun,ID,2021-04-05 04:57:32,-2.6833,111.6167,94.86,43,68,4.05
191,Tammisaari,FI,2021-04-05 04:57:33,59.9736,23.4339,39.0,89,100,8.99
192,Nichinan,JP,2021-04-05 04:57:33,31.6,131.3667,64.4,55,40,24.16
193,Samandag,TR,2021-04-05 04:57:34,36.0842,35.9771,48.2,100,20,4.61
194,Chuy,UY,2021-04-05 04:57:34,-33.6971,-53.4616,66.97,89,1,9.82
195,Coquimbo,CL,2021-04-05 04:53:16,-29.9533,-71.3436,59.0,72,0,4.61
196,Ahipara,NZ,2021-04-05 04:57:35,-35.1667,173.1667,66.43,74,100,8.28
197,Upernavik,GL,2021-04-05 04:57:35,72.7868,-56.1549,-18.15,90,62,5.75
198,Svetlogorsk,BY,2021-04-05 04:57:35,52.6333,29.7333,34.47,72,25,8.66
199,Katsuura,JP,2021-04-05 04:57:36,35.1333,140.3,57.0,94,75,13.8
200,Granada,ES,2021-04-05 04:57:36,37.25,-3.25,51.01,85,18,1.21
201,Salo,IT,2021-04-05 04:57:37,45.6086,10.531,46.0,65,20,8.05
202,Umm Lajj,SA,2021-04-05 04:57:37,25.0213,37.2685,81.16,22,0,16.73
203,Atbasar,KZ,2021-04-05 04:57:38,51.8,68.3333,33.78,100,100,5.86
204,Saint-Joseph,RE,2021-04-05 04:57:38,-21.3667,55.6167,84.2,70,20,5.75
205,Kilindoni,TZ,2021-04-05 04:57:38,-7.9139,39.6668,80.08,82,95,11.45
206,Tessalit,ML,2021-04-05 04:57:39,20.1986,1.0114,77.05,7,89,9.57
207,Esperance,AU,2021-04-05 04:57:39,-33.8667,121.9,73.4,56,68,13.8
208,Patzite,GT,2021-04-05 04:57:40,14.9667,-91.2167,63.0,72,90,6.91
209,Provideniya,RU,2021-04-05 04:57:40,64.3833,-173.3,8.6,61,0,2.24
210,Tezu,IN,2021-04-05 04:57:41,27.9167,96.1667,92.97,12,63,4.09
211,Kouroussa,GN,2021-04-05 04:57:41,10.65,-9.8833,76.93,43,86,4.05
212,Mayo,US,2021-04-05 04:57:42,38.8876,-76.5119,59.0,38,1,12.66
213,Havoysund,NO,2021-04-05 04:57:42,70.9963,24.6622,30.2,93,90,3.44
214,Kavaratti,IN,2021-04-05 04:57:42,10.5669,72.642,82.65,67,79,11.23
215,Sterling,US,2021-04-05 04:55:06,39.0062,-77.4286,57.2,30,1,9.22
216,Kahului,US,2021-04-05 04:57:43,20.8947,-156.47,71.6,83,40,17.27
217,Pangnirtung,CA,2021-04-05 04:57:43,66.1451,-65.7125,1.8,68,63,7.85
218,Ukiah,US,2021-04-05 04:57:44,39.1502,-123.2078,51.8,62,1,5.75
219,Nantucket,US,2021-04-05 04:57:44,41.2835,-70.0995,46.99,69,63,20.22
220,Oskemen,KZ,2021-04-05 04:57:44,49.9565,82.6119,50.0,40,3,2.24
221,Ilulissat,GL,2021-04-05 04:57:45,69.2167,-51.1,19.4,79,75,10.36
222,Fortuna,US,2021-04-05 04:57:45,40.5982,-124.1573,48.99,93,40,4.61
223,Pevek,RU,2021-04-05 04:57:46,69.7008,170.3133,-4.79,91,92,2.8
224,San Quintin,MX,2021-04-05 04:57:46,30.4833,-115.95,60.37,81,9,12.68
225,Sobolevo,RU,2021-04-05 04:57:47,54.4299,31.8996,34.05,68,66,10.63
226,Leiyang,CN,2021-04-05 04:57:47,26.4024,112.8591,56.84,86,100,4.05
227,Clyde River,CA,2021-04-05 04:57:47,70.4692,-68.5914,-14.8,76,20,3.44
228,Herat,AF,2021-04-05 04:57:48,34.5,62.0,55.4,47,0,2.3
229,Cherskiy,RU,2021-04-05 04:57:48,68.75,161.3,1.45,91,47,6.02
230,Calera,US,2021-04-05 04:57:49,33.1029,-86.7536,53.6,66,1,1.21
231,Magan,ES,2021-04-05 04:57:49,39.9683,-3.931,52.0,56,0,3.24
232,Saskylakh,RU,2021-04-05 04:57:49,71.9167,114.0833,0.73,81,3,6.46
233,Rawlins,US,2021-04-05 04:56:31,41.7911,-107.2387,53.6,24,20,9.22
234,Soyo,AO,2021-04-05 04:57:50,-6.1349,12.3689,80.08,81,100,2.77
235,Los Llanos De Aridane,ES,2021-04-05 04:57:50,28.6585,-17.9182,64.4,63,90,1.14
236,Te Anau,NZ,2021-04-05 04:57:51,-45.4167,167.7167,55.9,62,95,7.23
237,Portland,US,2021-04-05 04:55:50,45.5234,-122.6762,45.0,55,8,3.0
238,Manaus,BR,2021-04-05 04:54:43,-3.1019,-60.025,80.6,83,0,2.3
239,Mairana,BO,2021-04-05 04:57:52,-18.1167,-63.9333,53.58,95,100,1.95
240,Pak Phanang,TH,2021-04-05 04:57:52,8.3511,100.202,91.0,66,75,2.3
241,Hovd,MN,2021-04-05 04:57:53,48.0056,91.6419,44.19,14,8,4.18
242,Rio Grande,BR,2021-04-05 04:57:53,-32.035,-52.0986,70.0,89,11,18.05
243,Treinta Y Tres,UY,2021-04-05 04:57:53,-33.2333,-54.3833,64.35,95,11,11.56
244,Ust-Koksa,RU,2021-04-05 04:57:54,50.2696,85.6108,41.47,58,1,2.28
245,Tucuma,BR,2021-04-05 04:57:54,-0.1833,-50.05,75.6,93,90,5.37
246,Damietta,EG,2021-04-05 04:57:55,31.4165,31.8133,60.8,82,0,9.22
247,Pringsewu,ID,2021-04-05 04:57:55,-5.3582,104.9744,86.25,64,100,1.83
248,Okhotsk,RU,2021-04-05 04:57:55,59.3833,143.3,25.88,86,100,5.91
249,Uray,RU,2021-04-05 04:55:12,60.1247,64.7758,32.72,99,100,4.68
250,Elko,US,2021-04-05 04:57:56,41.0002,-115.5012,54.0,18,84,4.0
251,Sola,VU,2021-04-05 04:57:56,-13.8833,167.55,80.51,77,97,11.9
252,Narowal,PK,2021-04-05 04:57:57,32.1,74.8833,78.8,38,75,4.61
253,Norden,DE,2021-04-05 04:57:57,53.6,7.2,37.0,86,100,14.0
254,Ixtapa,MX,2021-04-05 04:57:58,20.7,-105.2,73.99,94,1,3.13
255,Dayong,CN,2021-04-05 04:57:58,25.0209,118.2898,71.6,56,0,6.71
256,Vanavara,RU,2021-04-05 04:57:59,60.34,102.2797,20.68,86,99,8.86
257,Saint George,US,2021-04-05 04:57:59,37.1041,-113.5841,71.6,9,1,3.44
258,Salalah,OM,2021-04-05 04:57:59,17.0151,54.0924,80.6,65,0,7.78
259,Jacareacanga,BR,2021-04-05 04:58:00,-6.2222,-57.7528,77.09,84,100,1.39
260,Hun,LY,2021-04-05 04:58:00,29.1268,15.9477,72.37,8,2,16.22
261,Itarema,BR,2021-04-05 04:58:01,-2.9248,-39.9167,76.62,86,74,9.31
262,Wattegama,LK,2021-04-05 04:58:01,6.7989,81.4808,84.2,79,0,9.22
263,Yelizavetino,RU,2021-04-05 04:58:01,59.4916,29.7938,37.4,70,75,8.95
264,Quartucciu,IT,2021-04-05 04:58:02,39.2519,9.1794,53.01,100,20,3.44
265,Sambava,MG,2021-04-05 04:58:02,-14.2667,50.1667,79.16,78,82,4.68
266,Olafsvik,IS,2021-04-05 04:58:03,64.8945,-23.7142,19.83,52,100,5.66
267,San Cristobal,VE,2021-04-05 04:58:03,7.7669,-72.225,68.83,76,100,2.17
268,Bubaque,GW,2021-04-05 04:58:03,11.2833,-15.8333,75.04,75,100,13.4
269,Nouadhibou,MR,2021-04-05 04:58:04,20.931,-17.0347,62.6,82,0,13.8
270,Dalby,AU,2021-04-05 04:58:04,-27.1833,151.2667,73.4,73,90,16.11
271,Los Algarrobos,PA,2021-04-05 04:58:05,8.5,-82.4333,82.0,86,93,5.53
272,Along,IN,2021-04-05 04:58:05,28.1667,94.7667,89.42,20,73,1.52
273,Luderitz,NA,2021-04-05 04:58:05,-26.6481,15.1594,68.23,66,37,14.2
274,Lerici,IT,2021-04-05 04:58:06,44.0759,9.9112,46.0,71,0,5.44
275,Finote Selam,ET,2021-04-05 04:58:06,10.7,37.2667,70.84,45,99,2.55
276,Severo-Kurilsk,RU,2021-04-05 04:58:07,50.6789,156.125,30.07,77,100,11.68
277,Dingle,PH,2021-04-05 04:58:07,10.9995,122.6711,89.62,46,70,13.15
278,Cabedelo,BR,2021-04-05 04:58:07,-6.9811,-34.8339,78.8,83,0,5.75
279,Acandi,CO,2021-04-05 04:58:08,8.5063,-77.2778,77.05,93,100,6.55
280,Mount Gambier,AU,2021-04-05 04:58:08,-37.8333,140.7667,68.0,45,2,12.66
281,Abu Zabad,SD,2021-04-05 04:58:09,12.35,29.25,72.9,8,26,13.73
282,Campoverde,PE,2021-04-05 04:58:09,-8.4753,-74.8058,69.1,99,74,1.48
283,Lannion,FR,2021-04-05 04:58:09,48.75,-3.4167,46.4,93,90,9.22
284,Chimbote,PE,2021-04-05 04:54:59,-9.0853,-78.5783,71.15,79,37,3.38
285,Alyangula,AU,2021-04-05 04:58:10,-13.8483,136.4192,86.41,47,50,9.28
286,Khingansk,RU,2021-04-05 04:58:10,49.1167,131.1833,44.53,40,98,9.37
287,Buala,SB,2021-04-05 04:58:11,-8.145,159.5921,85.41,69,89,3.67
288,Santa Cruz Del Sur,CU,2021-04-05 04:58:11,20.7147,-77.9956,70.16,64,8,15.73
289,Meadow Lake,US,2021-04-05 04:58:12,34.8014,-106.5436,73.4,15,40,4.61
290,Camacha,PT,2021-04-05 04:58:12,33.0833,-16.3333,59.0,77,40,3.44
291,Mount Isa,AU,2021-04-05 04:58:12,-20.7333,139.5,91.4,27,40,14.97
292,Hobyo,SO,2021-04-05 04:58:13,5.3505,48.5268,84.13,63,48,7.58
293,Aklavik,CA,2021-04-05 04:58:13,68.2191,-135.0107,21.2,73,42,8.05
294,Baykit,RU,2021-04-05 04:58:14,61.67,96.37,30.6,92,100,3.11
295,Princeton,US,2021-04-05 04:58:14,25.5384,-80.4089,66.2,63,90,4.61
296,Emborion,GR,2021-04-05 04:58:14,40.4833,21.55,37.4,60,98,14.97
297,Lafiagi,NG,2021-04-05 04:58:15,8.8667,5.4167,76.64,81,4,4.27
298,Puerto Baquerizo Moreno,EC,2021-04-05 04:58:15,-0.9,-89.6,76.53,85,18,3.27
299,San Patricio,US,2021-04-05 04:58:16,28.017,-97.5169,66.0,88,75,8.05
300,Keti Bandar,PK,2021-04-05 04:58:16,24.1447,67.4497,85.17,58,0,15.95
301,Dikson,RU,2021-04-05 04:58:16,73.5069,80.5464,12.24,89,100,7.43
302,Den Helder,NL,2021-04-05 04:53:25,52.9599,4.7593,41.0,75,90,18.41
303,Iralaya,HN,2021-04-05 04:58:17,15.0,-83.2333,75.31,87,21,10.92
304,Piterka,RU,2021-04-05 04:58:17,50.6803,47.4454,39.96,63,100,5.19
305,Bandundu,CD,2021-04-05 04:58:18,-3.3167,17.3667,70.99,93,100,3.8
306,Enumclaw,US,2021-04-05 04:58:18,47.2043,-121.9915,39.0,78,54,2.37
307,Margate,GB,2021-04-05 04:58:19,51.3813,1.3862,46.99,70,83,7.0
308,Sao Filipe,CV,2021-04-05 04:58:19,14.8961,-24.4956,73.2,72,0,8.01
309,San Vicente,AR,2021-04-05 04:58:19,-26.6167,-54.1333,64.29,81,85,3.0
310,Naron,ES,2021-04-05 04:58:20,43.5167,-8.1528,41.0,100,0,1.14
311,Omidiyeh,IR,2021-04-05 04:58:20,30.7597,49.705,60.8,44,0,4.61
312,Axim,GH,2021-04-05 04:58:21,4.8699,-2.2405,78.78,90,75,7.14
313,Laurens,US,2021-04-05 04:58:21,32.4502,-82.9165,53.01,66,1,6.42
314,Apollonia,GR,2021-04-05 04:58:22,36.9716,24.7231,64.0,72,20,4.61
315,Tigil,RU,2021-04-05 04:58:22,57.8,158.6667,30.9,86,86,4.56
316,Serenje,ZM,2021-04-05 04:58:23,-13.2325,30.2352,59.5,92,14,6.87
317,Itaituba,BR,2021-04-05 04:53:53,-4.2761,-55.9836,75.22,90,71,2.08
318,Berlevag,NO,2021-04-05 04:58:23,70.8578,29.0864,34.92,84,100,15.66
319,Sawakin,SD,2021-04-05 04:58:23,19.1059,37.3321,75.56,57,2,7.83
320,Ghaziabad,IN,2021-04-05 04:58:25,28.6667,77.4333,91.4,29,20,2.3
321,Bonavista,CA,2021-04-05 04:58:25,48.6499,-53.1147,37.4,100,100,4.61
322,Burns Lake,CA,2021-04-05 04:58:26,54.2331,-125.7533,33.8,64,21,6.91
323,Quatre Cocos,MU,2021-04-05 04:58:26,-20.2078,57.7625,84.99,74,40,14.97
324,Palmer,US,2021-04-05 04:58:27,42.1584,-72.3287,42.8,45,1,9.22
325,Naze,JP,2021-04-05 04:58:27,28.3667,129.4833,69.8,60,75,23.02
326,Inhambane,MZ,2021-04-05 04:58:28,-23.865,35.3833,68.0,83,40,5.55
327,Saint-Augustin,CA,2021-04-05 04:58:29,51.226,-58.6502,34.83,99,100,18.48
328,Kruisfontein,ZA,2021-04-05 04:58:29,-34.0033,24.7314,64.0,95,100,1.99
329,Ganzhou,CN,2021-04-05 04:58:30,28.8184,115.4327,52.05,89,100,3.31
330,Nhulunbuy,AU,2021-04-05 04:58:30,-12.2333,136.7667,87.8,48,75,10.36
331,Bosaso,SO,2021-04-05 04:58:31,11.2842,49.1816,78.8,89,0,3.44
332,Barra Do Bugres,BR,2021-04-05 04:56:46,-15.0725,-57.1811,73.08,91,89,1.36
333,College,US,2021-04-05 04:58:31,64.8569,-147.8028,25.0,74,90,17.27
334,Preobrazheniye,RU,2021-04-05 04:58:32,42.9019,133.9064,45.01,43,0,7.31
335,Refojos De Basto,PT,2021-04-05 04:58:32,41.5132,-7.9952,57.0,60,0,6.06
336,Cockburn Town,TC,2021-04-05 04:58:33,21.4612,-71.1419,73.35,73,100,22.59
337,Antofagasta,CL,2021-04-05 04:57:28,-23.65,-70.4,62.6,82,0,5.75
338,Basavakalyan,IN,2021-04-05 04:58:34,17.8667,76.95,96.42,8,56,11.5
339,Namtsy,RU,2021-04-05 04:58:34,62.7161,129.6658,8.6,52,0,6.71
340,Smithers,CA,2021-04-05 04:58:34,54.7804,-127.1743,35.6,64,20,5.75
341,Kashi,CN,2021-04-05 04:58:35,39.4547,75.9797,50.0,50,0,6.71
342,Moose Factory,CA,2021-04-05 04:58:35,51.2585,-80.6094,24.8,93,1,3.44
343,Matara,LK,2021-04-05 04:58:36,5.9485,80.5353,88.38,55,62,8.5
344,Cubuk,TR,2021-04-05 04:58:36,40.2386,33.0322,48.2,87,75,2.3
345,Biltine,TD,2021-04-05 04:58:37,14.5333,20.9167,77.25,11,14,13.78
346,Corn Island,NI,2021-04-05 04:58:37,12.1694,-83.0418,80.19,75,85,13.8
347,Homer,US,2021-04-05 04:58:37,59.6425,-151.5483,35.6,64,1,20.71
348,Sao Domingos,BR,2021-04-05 04:58:38,-13.3983,-46.3183,74.3,72,83,5.91
349,Leningradskiy,RU,2021-04-05 04:58:38,69.3833,178.4167,5.63,91,100,2.37
350,Mamakan,RU,2021-04-05 04:58:39,57.8161,114.0028,19.53,61,86,9.51
351,Guarapari,BR,2021-04-05 04:58:39,-20.6667,-40.4975,73.4,94,75,9.22
352,Ortigueira,BR,2021-04-05 04:54:10,-24.2083,-50.9494,56.73,97,56,2.86
353,Omsukchan,RU,2021-04-05 04:58:40,62.5333,155.8,8.26,68,100,6.29
354,Lata,PT,2021-04-05 04:58:40,40.1629,-8.3327,43.0,88,0,4.29
355,Erenhot,CN,2021-04-05 04:58:40,43.6475,111.9767,52.27,9,99,2.48
356,Sulphur,US,2021-04-05 04:58:41,30.2366,-93.3774,59.0,82,1,3.67
357,Bud,US,2021-04-05 04:58:41,39.447,-86.1758,55.4,58,1,3.44
358,Ketchikan,US,2021-04-05 04:54:01,55.3422,-131.6461,39.2,93,90,4.61
359,Mago,RU,2021-04-05 04:58:42,53.2514,140.1822,32.95,59,5,2.46
360,Nikolsk,RU,2021-04-05 04:58:42,53.7189,46.0712,36.16,76,12,4.97
361,Shiyan,CN,2021-04-05 04:58:43,32.6475,110.7781,51.55,59,100,0.92
362,Upata,VE,2021-04-05 04:58:43,8.0086,-62.3989,73.99,96,100,5.06
363,Calabazar De Sagua,CU,2021-04-05 04:58:44,22.6447,-79.8961,62.6,82,20,2.3
364,Dukhovshchina,RU,2021-04-05 04:58:44,55.1919,32.4111,33.51,73,62,9.55
365,Ciudad Bolivar,VE,2021-04-05 04:58:44,8.1222,-63.5497,77.67,81,100,7.27
366,Maple Creek,CA,2021-04-05 04:58:45,49.9168,-109.4848,42.8,61,100,13.8
367,Sibolga,ID,2021-04-05 04:58:45,1.7427,98.7792,85.41,65,100,3.78
368,Sioux Lookout,CA,2021-04-05 04:58:46,50.1001,-91.917,42.8,56,40,5.75
369,Doesburg,NL,2021-04-05 04:58:46,52.0125,6.1389,45.0,81,90,10.36
370,Marzuq,YE,2021-04-05 04:58:47,14.4,46.4667,76.53,15,2,2.98
371,Bathsheba,BB,2021-04-05 04:58:47,13.2167,-59.5167,78.8,73,40,14.97
372,Lagoa,PT,2021-04-05 04:58:48,39.05,-27.9833,59.41,85,26,14.83
373,Tawang,IN,2021-04-05 04:58:48,27.5833,91.8667,57.83,28,11,6.91
374,Bengkulu,ID,2021-04-05 04:58:11,-3.8004,102.2655,85.24,61,98,12.19
375,Huarmey,PE,2021-04-05 04:58:49,-10.0681,-78.1522,72.12,79,38,5.61
376,Langxiang,CN,2021-04-05 04:58:49,46.95,128.8833,56.79,21,4,15.97
377,Comodoro Rivadavia,AR,2021-04-05 04:58:50,-45.8667,-67.5,57.2,77,0,6.91
378,Malangali,TZ,2021-04-05 04:58:50,-8.5667,34.85,64.36,89,99,7.2
379,Bonoua,CI,2021-04-05 04:58:51,5.2741,-3.595,84.2,84,20,9.22
380,Havelock,US,2021-04-05 04:58:51,34.8791,-76.9013,57.99,68,29,1.01
381,Codrington,AU,2021-04-05 04:58:52,-38.2667,141.9667,63.18,57,8,12.24
382,High Rock,BS,2021-04-05 04:58:52,26.6208,-78.2833,59.0,72,32,4.61
383,Vestmannaeyjar,IS,2021-04-05 04:58:52,63.4427,-20.2734,21.07,59,51,23.94
384,Grand Bank,CA,2021-04-05 04:58:53,47.0999,-55.765,42.93,94,100,23.31
385,Lagos,NG,2021-04-05 04:58:53,6.5833,3.75,82.4,89,20,4.97
386,Cayambe,EC,2021-04-05 04:58:54,0.05,-78.1333,57.2,88,75,3.44
387,Mumbwa,ZM,2021-04-05 04:58:54,-14.9783,27.0619,59.49,79,5,4.29
388,Ambon,ID,2021-04-05 04:58:55,-3.6954,128.1814,91.4,58,40,5.75
389,Kidal,ML,2021-04-05 04:58:55,18.4411,1.4078,76.15,7,54,6.78
390,Cravo Norte,CO,2021-04-05 04:58:55,6.3017,-70.2041,77.94,82,100,5.75
391,San Francisco Menendez,SV,2021-04-05 04:58:56,13.8431,-90.0158,73.78,57,15,8.08
392,Forest Hills,US,2021-04-05 04:58:56,42.9595,-85.4898,55.99,47,90,8.05
393,Ravar,IR,2021-04-05 04:58:57,31.2656,56.8055,61.86,15,0,3.04
394,Slave Lake,CA,2021-04-05 04:58:57,55.2834,-114.769,37.4,56,1,9.22
395,Darhan,MN,2021-04-05 04:58:57,49.4867,105.9228,46.29,39,11,6.69
396,Dongsheng,CN,2021-04-05 04:58:58,39.8161,109.9776,37.92,89,99,14.56
397,Longyan,CN,2021-04-05 04:58:58,25.1072,117.0225,67.82,87,100,1.61
398,Boa Vista,BR,2021-04-05 04:55:08,2.8197,-60.6733,77.0,83,75,12.66
399,Nishihara,JP,2021-04-05 04:58:59,26.1842,127.7558,75.2,60,75,19.57
400,Tandil,AR,2021-04-05 04:58:59,-37.3217,-59.1332,60.8,94,90,6.91
401,Castelo Do Piaui,BR,2021-04-05 04:59:00,-5.3222,-41.5525,75.15,74,45,3.67
402,Vanersborg,SE,2021-04-05 04:59:00,58.3807,12.3234,32.0,47,14,13.8
403,Beinamar,TD,2021-04-05 04:59:01,8.6698,15.3813,83.75,23,73,2.04
404,Marsh Harbour,BS,2021-04-05 04:59:01,26.5412,-77.0636,67.91,52,27,11.97
405,Dhidhdhoo,MV,2021-04-05 04:59:02,6.8833,73.1,82.44,73,82,10.83
406,Faanui,PF,2021-04-05 04:59:02,-16.4833,-151.75,82.69,74,15,16.2
407,Tuatapere,NZ,2021-04-05 04:59:02,-46.1333,167.6833,55.99,62,97,23.0
408,Myaundzha,RU,2021-04-05 04:59:03,63.0494,147.1858,11.61,59,100,5.46
409,Souillac,MU,2021-04-05 04:59:03,-20.5167,57.5167,82.4,74,40,14.97
410,Padang,ID,2021-04-05 04:59:04,-0.9492,100.3543,86.0,66,20,8.05
411,Ferme-Neuve,CA,2021-04-05 04:59:04,46.7001,-75.4493,39.2,65,93,8.05
412,Rio Branco,BR,2021-04-05 04:59:05,-9.9747,-67.81,75.2,94,20,2.3
413,Mwinilunga,ZM,2021-04-05 04:59:05,-11.7358,24.4293,60.57,96,97,3.85
414,Fare,PF,2021-04-05 04:59:05,-16.7,-151.0167,82.29,74,5,15.7
415,Faisalabad,PK,2021-04-05 04:59:06,31.4167,73.0833,88.25,15,100,12.19
416,Batticaloa,LK,2021-04-05 04:59:06,7.7102,81.6924,84.06,68,33,2.42
417,Ballina,AU,2021-04-05 04:59:07,-28.8667,153.5667,71.6,94,90,10.36
418,Garelochhead,GB,2021-04-05 04:59:07,56.082,-4.8291,33.8,51,56,10.36
419,Fairbanks,US,2021-04-05 04:59:08,64.8378,-147.7164,25.0,86,90,19.57
420,Pacifica,US,2021-04-05 04:59:08,37.6138,-122.4869,52.0,76,90,8.05
421,Quang Ngai,VN,2021-04-05 04:59:09,15.1167,108.8,86.22,54,72,7.07
422,Dunmore Town,BS,2021-04-05 04:59:09,25.5,-76.65,68.88,54,100,14.34
423,Ostrovnoy,RU,2021-04-05 04:59:09,68.0531,39.5131,33.89,93,99,16.62
424,Juba,SS,2021-04-05 04:59:10,4.8517,31.5825,77.23,62,100,7.56
425,Heihe,CN,2021-04-05 04:59:10,50.2441,127.4902,44.6,61,40,4.47
426,Plainview,US,2021-04-05 04:59:11,40.7765,-73.4673,52.0,49,2,10.96
427,Darovskoy,RU,2021-04-05 04:59:11,58.77,47.9564,31.15,85,52,6.69
428,Inongo,CD,2021-04-05 04:59:12,-1.95,18.2667,71.15,91,100,7.07
429,Vysotskoye,RU,2021-04-05 04:59:12,45.025,42.9064,48.2,87,0,3.94
430,Javanrud,IR,2021-04-05 04:59:12,34.7961,46.5172,41.0,65,0,3.44
431,Manokwari,ID,2021-04-05 04:59:13,-0.8667,134.0833,82.65,79,90,3.74
432,Mwense,ZM,2021-04-05 04:59:13,-10.3845,28.698,65.34,96,91,3.06
433,Noumea,NC,2021-04-05 04:59:14,-22.2763,166.4572,84.2,45,0,10.36
434,Zarichne,UA,2021-04-05 04:59:14,51.8126,26.129,33.76,72,24,9.73
435,Ucluelet,CA,2021-04-05 04:58:31,48.9329,-125.5528,41.0,83,0,4.68
436,Rehau,DE,2021-04-05 04:59:15,50.25,12.0333,37.99,81,58,11.99
437,Brownsville,US,2021-04-05 04:54:41,25.9018,-97.4975,66.99,88,1,5.75
438,Port-Cartier,CA,2021-04-05 04:54:21,50.0334,-66.8654,37.4,87,90,10.36
439,Kotturu,IN,2021-04-05 04:59:16,14.8167,76.2167,90.12,28,9,8.28
440,Mehamn,NO,2021-04-05 04:59:16,71.0357,27.8492,34.63,87,100,18.95
441,Tierra Blanca,HN,2021-04-05 04:59:17,14.5833,-88.5833,60.75,98,95,3.62
442,Namatanai,PG,2021-04-05 04:59:17,-3.6667,152.4333,83.16,73,73,2.33
443,Whitehorse,CA,2021-04-05 04:59:17,60.7161,-135.0538,37.4,56,90,16.11
444,Taltal,CL,2021-04-05 04:59:18,-25.4,-70.4833,64.33,82,1,3.8
445,Locri,IT,2021-04-05 04:59:18,38.2414,16.2623,57.2,72,90,6.91
446,Kulu,TR,2021-04-05 04:59:19,39.0951,33.0799,51.89,55,100,21.43
447,Urumqi,CN,2021-04-05 04:56:15,43.801,87.6005,55.4,33,0,2.24
448,Ugoofaaru,MV,2021-04-05 04:59:19,5.6667,73.0,83.48,69,16,12.77
449,Numan,NG,2021-04-05 04:59:20,9.4667,12.0333,79.39,17,13,3.11
450,Thessalon,CA,2021-04-05 04:59:20,46.2501,-83.5666,42.8,56,75,5.75
451,Vieques,PR,2021-04-05 04:59:21,18.425,-65.8329,78.8,73,40,3.44
452,Deputatskiy,RU,2021-04-05 04:59:21,69.3,139.9,1.69,86,100,3.8
453,Gravdal,NO,2021-04-05 04:59:22,68.1214,13.5031,34.29,62,82,7.07
454,Flinders,AU,2021-04-05 04:59:22,-34.5833,150.8552,75.2,78,75,13.8
455,Beloha,MG,2021-04-05 04:59:22,-25.1667,45.05,71.8,69,1,10.71
456,Bonthe,SL,2021-04-05 04:59:23,7.5264,-12.505,77.59,91,24,3.44
457,Las Palmas,ES,2021-04-05 04:59:24,28.4204,-14.0131,62.6,67,0,8.05
458,Umbertide,IT,2021-04-05 04:59:24,43.3055,12.3366,37.0,79,0,1.01
459,Boende,CD,2021-04-05 04:59:25,-0.2167,20.8667,71.28,97,86,2.15
460,Savalou,BJ,2021-04-05 04:59:25,7.9281,1.9756,78.15,79,36,5.5
461,Fort Nelson,CA,2021-04-05 04:59:25,58.8053,-122.7002,41.0,36,75,3.44
462,Honningsvag,NO,2021-04-05 04:59:26,70.9821,25.9704,34.72,96,100,22.06
463,Labuhan,ID,2021-04-05 04:59:26,-6.8844,112.2051,86.77,65,93,6.22
464,Zhezkazgan,KZ,2021-04-05 04:59:27,47.8043,67.7144,36.55,97,100,15.59
465,La Ronge,CA,2021-04-05 04:59:27,55.1001,-105.2842,37.4,65,100,6.91
466,Lossiemouth,GB,2021-04-05 04:59:28,57.7214,-3.2834,30.99,74,75,29.93
467,Saldanha,ZA,2021-04-05 04:59:28,-33.0117,17.9442,60.8,88,9,10.94
468,Kangaatsiaq,GL,2021-04-05 04:59:28,68.3065,-53.4641,11.12,89,100,18.54
469,Laguna,US,2021-04-05 04:59:29,38.421,-121.4238,54.0,66,1,10.36
470,Havre-Saint-Pierre,CA,2021-04-05 04:59:29,50.2334,-63.5986,39.2,93,90,11.5
471,Novocheremshansk,RU,2021-04-05 04:59:30,54.3571,50.1666,33.57,89,100,6.31
472,Cartagena Del Chaira,CO,2021-04-05 04:59:30,1.3349,-74.8429,70.72,99,97,3.13
473,Bilma,NE,2021-04-05 04:59:31,18.6853,12.9164,70.7,11,0,6.62
474,San Nicolas,PH,2021-04-05 04:59:31,18.1725,120.5953,95.0,46,40,5.75
475,Raudeberg,NO,2021-04-05 04:59:32,61.9875,5.1352,33.01,86,100,27.4
476,Portobelo,PA,2021-04-05 04:59:32,9.55,-79.65,77.0,81,98,14.36
477,Quelimane,MZ,2021-04-05 04:59:33,-17.8786,36.8883,71.6,100,40,2.3
478,Guerrero Negro,MX,2021-04-05 04:58:50,27.9769,-114.0611,60.48,80,43,12.8
479,Luang Prabang,LA,2021-04-05 04:59:34,19.8856,102.1347,78.8,73,75,2.3
480,Tocopilla,CL,2021-04-05 04:59:34,-22.092,-70.1979,69.62,71,96,5.75
481,Kichera,RU,2021-04-05 04:59:35,55.9375,110.0997,29.52,70,100,9.84
482,Durres,AL,2021-04-05 04:59:35,41.3231,19.4414,33.8,93,0,2.3
483,Lavrentiya,RU,2021-04-05 04:59:35,65.5833,-171.0,-3.1,86,14,3.36
484,Turukhansk,RU,2021-04-05 04:59:36,65.8167,87.9833,32.59,99,100,14.83
485,Bezhanitsy,RU,2021-04-05 04:59:36,56.9767,29.8907,35.92,69,11,14.56
486,Brokopondo,SR,2021-04-05 04:59:37,4.75,-55.1667,75.74,91,100,6.64
487,Juan Lacaze,UY,2021-04-05 04:59:37,-34.4342,-57.4381,66.99,91,44,7.92
488,Yuncheng,CN,2021-04-05 04:59:38,35.0231,110.9928,66.99,18,76,4.0
489,Balikpapan,ID,2021-04-05 04:59:38,-1.2675,116.8289,80.42,85,98,3.38
490,Camopi,GF,2021-04-05 04:59:38,3.1655,-52.3158,72.0,99,100,1.23
491,Toora-Khem,RU,2021-04-05 04:59:39,52.4675,96.11,42.64,62,14,2.62
492,Whitianga,NZ,2021-04-05 04:59:40,-36.8333,175.7,69.01,75,84,10.0
493,Bonfim,BR,2021-04-05 04:59:40,3.0833,-59.95,77.65,82,99,6.51
494,Praia,CV,2021-04-05 04:59:40,14.9215,-23.5087,77.0,27,0,20.71
495,Aasiaat,GL,2021-04-05 04:59:41,68.7098,-52.8699,12.04,87,100,16.55
496,Broome,US,2021-04-05 04:59:41,42.2506,-75.833,41.0,56,1,4.61
497,Pochutla,MX,2021-04-05 04:59:42,15.7432,-96.4661,80.01,61,6,3.29
498,Benjamin Aceval,PY,2021-04-05 04:59:42,-24.9667,-57.5667,82.4,57,90,6.91
499,Narsaq,GL,2021-04-05 04:59:43,60.9167,-46.05,35.6,87,90,1.14
500,Imbituba,BR,2021-04-05 04:59:43,-28.24,-48.6703,66.2,94,20,2.3
501,Egvekinot,RU,2021-04-05 04:59:44,66.3167,-179.1667,-7.17,94,15,2.1
502,Hukuntsi,BW,2021-04-05 04:59:44,-24.0,21.75,69.93,35,0,7.9
503,Cayenne,GF,2021-04-05 04:59:44,4.9333,-52.3333,77.0,94,75,11.3
504,Ola,RU,2021-04-05 04:59:45,59.5833,151.2833,23.13,54,100,3.76
505,Port Augusta,AU,2021-04-05 04:59:45,-32.5,137.7667,91.99,44,0,11.5
506,Porto Murtinho,BR,2021-04-05 04:59:46,-21.6989,-57.8825,79.43,48,87,1.14
507,Nenton,GT,2021-04-05 04:59:46,15.8,-91.75,57.2,72,90,6.91
508,Pinerolo,IT,2021-04-05 04:59:47,44.8833,7.35,46.0,73,90,0.49
509,Powell,US,2021-04-05 04:59:47,40.1578,-83.0752,54.0,50,1,4.61
510,Suzun,RU,2021-04-05 04:59:47,53.7841,82.3116,41.4,63,89,6.62
511,Yangambi,CD,2021-04-05 04:59:48,0.8102,24.4336,69.44,98,100,3.09
512,Florianopolis,BR,2021-04-05 04:59:15,-27.6146,-48.5012,73.99,94,20,2.3
513,Half Moon Bay,US,2021-04-05 04:59:48,37.4636,-122.4286,51.01,76,90,8.05
514,Kulhudhuffushi,MV,2021-04-05 04:59:49,6.6221,73.07,82.54,72,74,11.21
515,Ulladulla,AU,2021-04-05 04:55:03,-35.35,150.4667,75.2,78,75,13.8
516,Vasai,IN,2021-04-05 04:59:49,19.47,72.8,86.0,66,75,4.54
517,Casablanca,MA,2021-04-05 04:58:09,33.5928,-7.6192,53.6,94,75,8.05
518,Sistranda,NO,2021-04-05 04:59:50,63.7256,8.834,37.4,60,75,25.32
519,Saint Anthony,US,2021-04-05 04:59:51,45.0205,-93.218,61.0,47,1,4.09
520,Beyneu,KZ,2021-04-05 04:59:51,45.3167,55.2,53.69,58,28,7.29
521,Khasan,RU,2021-04-05 04:59:51,42.4308,130.6434,48.15,44,0,10.98
522,Sao Raimundo Nonato,BR,2021-04-05 04:59:52,-9.0153,-42.6994,76.57,41,30,3.18
523,Anzio,IT,2021-04-05 04:59:52,41.4853,12.6179,48.0,81,0,4.61
524,Capitao Poco,BR,2021-04-05 04:59:53,-1.7464,-47.0594,72.25,97,99,4.36
525,Povolzhskiy,RU,2021-04-05 04:59:53,53.5854,49.7629,35.6,69,0,4.47
526,Bull Savanna,JM,2021-04-05 04:59:53,17.8868,-77.5902,73.45,75,69,13.47
527,Port-Gentil,GA,2021-04-05 04:59:54,-0.7193,8.7815,81.39,81,100,8.99
528,Maniitsoq,GL,2021-04-05 04:59:54,65.4167,-52.9,19.71,86,100,3.22
529,Tsuruoka,JP,2021-04-05 04:59:55,38.7217,139.8217,51.8,66,75,12.66
530,Yeniseysk,RU,2021-04-05 04:59:55,58.4497,92.1703,39.25,90,100,5.3
531,Vao,NC,2021-04-05 04:59:56,-22.6667,167.4833,76.06,69,48,19.71
532,Reggio Di Calabria,IT,2021-04-05 04:59:56,38.1105,15.6613,57.2,72,90,6.91
533,Magdagachi,RU,2021-04-05 04:59:56,53.45,125.8,31.95,88,100,2.39
534,Wasilla,US,2021-04-05 04:59:57,61.5814,-149.4394,41.0,56,90,10.36
535,Sabha,LY,2021-04-05 04:59:57,27.0377,14.4283,67.1,12,1,12.12
536,Yerbogachen,RU,2021-04-05 04:59:58,61.2767,108.0108,12.31,68,17,0.98
537,Portel,BR,2021-04-05 04:59:58,-1.9356,-50.8211,74.16,97,99,2.8
538,Alta Floresta,BR,2021-04-05 04:59:59,-9.8756,-56.0861,72.23,94,100,2.33
539,Totness,SR,2021-04-05 04:59:59,5.8833,-56.3167,76.28,92,100,8.95
540,The Valley,AI,2021-04-05 05:00:00,18.217,-63.0578,77.0,78,20,6.91
541,Coahuayana,MX,2021-04-05 05:00:00,18.7333,-103.6833,70.57,78,32,2.82
542,Zeya,RU,2021-04-05 05:00:00,53.75,127.2667,34.52,77,100,2.35
543,Wanning,CN,2021-04-05 05:00:01,18.8003,110.3967,83.23,63,47,8.57
544,Abalak,RU,2021-04-05 05:00:06,58.1286,68.5944,37.4,82,99,9.19
545,Shahpur,IN,2021-04-05 05:00:08,16.7,76.8333,95.49,16,80,7.52
546,Kyaikkami,MM,2021-04-05 05:00:12,16.08,97.5675,83.7,64,100,5.86
547,Hofn,IS,2021-04-05 05:00:12,64.2539,-15.2082,18.39,59,3,21.5
548,Kropotkin,RU,2021-04-05 05:00:13,45.4375,40.5756,50.79,86,100,1.41
549,Valle Del Guamuez,CO,2021-04-05 05:00:13,0.4525,-76.9192,67.17,98,100,1.12
550,Pacific Grove,US,2021-04-05 05:00:17,36.6177,-121.9166,52.0,85,83,4.0
551,Nome,US,2021-04-05 05:00:18,64.5011,-165.4064,3.2,60,1,10.36
552,Luanda,AO,2021-04-05 04:56:06,-8.8368,13.2343,77.0,88,40,2.3
553,Yambio,SS,2021-04-05 05:00:25,4.5721,28.3955,74.89,66,96,4.07
554,Tigre,AR,2021-04-05 04:59:19,-34.426,-58.5796,70.0,94,0,4.61
555,Nemuro,JP,2021-04-05 05:00:29,43.3236,145.575,41.0,65,40,13.8
556,Killybegs,IE,2021-04-05 05:00:29,54.6333,-8.45,41.0,79,100,11.99
557,Buraydah,SA,2021-04-05 05:00:34,26.326,43.975,60.8,33,0,4.61
558,Wuchi,CN,2021-04-05 05:00:34,29.3786,103.023,55.71,61,100,3.87
559,Noordwijkerhout,NL,2021-04-05 05:00:35,52.25,4.4833,46.4,81,75,20.71
560,Polunochnoye,RU,2021-04-05 05:00:35,60.8697,60.4153,32.36,97,100,7.02
561,Kodinsk,RU,2021-04-05 05:00:36,58.6881,99.1844,35.06,92,100,5.59
562,Maceio,BR,2021-04-05 05:00:39,-9.6658,-35.7353,73.4,100,40,4.61
563,Mogadishu,SO,2021-04-05 05:00:40,2.0371,45.3438,84.2,65,40,6.91
564,Kargasok,RU,2021-04-05 05:00:44,59.0556,80.8572,35.69,81,100,11.05
565,Goure,NE,2021-04-05 05:00:44,13.9835,10.2704,71.28,10,12,9.06
566,Venado Tuerto,AR,2021-04-05 05:00:45,-33.7456,-61.9688,62.01,95,82,5.99
